id	name	editionId
1	Aberate	4
2	Aboleth Curse	5
3	Absorb Mind	4
4	Absorb Strength	4
5	Absorb Weapon	5
6	Absorption	5
7	Abyssal Army	5
8	Abyssal Might	4
9	Accelerated Movement	5
10	Accuracy	5
11	Acid Breath	5
12	Acid Fog	5
13	Acid Rain	5
14	Acid Sheath	5
15	Acid Splash	5
16	Acid Storm	5
17	Adamantine Wings	5
18	Addiction	4
19	Aerial Alacrity	5
20	Aerial Alarm	5
21	Aerial Summoning Dance	4
22	Affliction	5
23	Aid	5
24	Aid, Mass	5
25	Aiming at the Target	5
26	Air Breathing	5
27	Air Walk	5
28	Airy Water	5
29	Alarm	5
30	Alarm, Greater	5
32	Alert Bebilith	4
33	Algid Enhancement	5
34	Align Fang	5
35	Align Fang, Mass	5
36	Align Weapon	5
37	Align Weapon, Mass	5
38	Aligned Aura	5
39	Allegro	5
40	Allied Footsteps	5
41	Alter Fortune	5
42	Alter Self	5
43	Amanuensis	5
44	Amber Sarcophagus	5
45	Amorphous Form	5
46	Amplify	5
47	Analyze Dweomer	5
48	Analyze Portal	5
49	Analyze Touchstone	5
50	Anarchic Storm	5
51	Anarchic Water	5
52	Angelskin	5
53	Anger of the Noonday Sun	5
54	Angry Ache	4
55	Animal Growth	5
56	Animal Messenger	5
57	Animal Shapes	5
58	Animal Trance	5
59	Animalistic Power	5
60	Animalistic Power, Mass	5
61	Animate Breath	5
62	Animate City	5
63	Animate Dead	5
64	Animate Fire	5
65	Animate Legion	5
67	Animate Objects	5
68	Animate Plants	5
69	Animate Rope	5
70	Animate Siege Weapon	5
71	Animate Snow	5
72	Animate Water	5
73	Animate Weapon	5
74	Animate Wood	5
75	Anticipate Teleportation	5
76	Anticipate Teleportation, Greater	5
77	Anticold Sphere	5
78	Antidragon Aura	5
79	Antifire Sphere	5
80	Antilife Shell	5
81	Antimagic Aura	4
82	Antimagic Field	5
83	Antimagic Ray	5
84	Antipathy	5
85	Antiplant Shell	5
86	Anyspell	5
87	Anyspell, Greater	5
88	Apocalypse from the Sky	4
89	Apparition	5
90	Appraising Touch	5
91	Arboreal Transformation	5
92	Arc of Lightning	5
93	Arcane Eye	5
94	Arcane Fusion	5
95	Arcane Fusion, Greater	5
96	Arcane Lock	5
97	Arcane Mark	5
98	Arcane Sight	5
99	Arcane Sight, Greater	5
100	Arcane Turmoil	5
101	Arctic Haze	5
102	Armageddon	5
103	Armor Enhancement	5
104	Armor Enhancement, Greater	5
105	Armor Enhancement, Lesser	5
106	Armor of Darkness	5
107	Arms of Plenty	5
108	Arrow Mind	5
109	Arrow of Bone	5
110	Arrow Storm	5
111	As the Frost	5
112	Ashen Union	5
113	Ashstar	5
114	Aspect of the Deity	5
115	Aspect of the Deity, Greater	5
116	Aspect of the Deity, Lesser	5
117	Aspect of the Earth Hunter	5
118	Aspect of the Icy Hunter	5
119	Aspect of the Wolf	5
120	Assay Spell Resistance	5
121	Astral Hospice	5
122	Astral Projection	5
123	Atonement	5
124	Attentive Alarm	5
125	Attune Form	5
126	Augment Familiar	5
127	Augury	5
128	Aura Against Flame	5
129	Aura of Cold, Greater	5
130	Aura of Cold, Lesser	5
131	Aura of Evasion	5
132	Aura of Glory	5
133	Aura of Terror	5
134	Aura of Vitality	5
135	Avascular Mass	5
136	Avasculate	5
137	Avoid Planar Effects	5
138	Awaken	5
139	Awaken Construct	5
140	Awaken Sand	5
141	Awaken Sin	5
142	Awaken Undead	5
143	Awaken, Mass	5
144	Axiomatic Creature	5
145	Axiomatic Storm	5
146	Axiomatic Water	5
147	Ayailla's Radiant Burst	5
148	Babau Slime	5
149	Backbiter	5
150	Backlash	5
151	Balancing Lorecall	5
152	Baleful Blink	5
154	Baleful Polymorph	5
155	Baleful Transposition	5
156	Ball Lightning	5
157	Balor Nimbus	5
158	Bands of Steel	5
159	Bane	5
160	Banishment	5
161	Barghest's Feast	5
162	Barkskin	5
163	Bastion of Good	5
164	Battering Ram	5
165	Battle Hymn	5
166	Battlecry	5
167	Battlefield Fortification	5
168	Battlefield Illumination	5
169	Battlemagic Perception	5
170	Battletide	5
171	Bear's Endurance	5
172	Bear's Endurance, Mass	5
173	Beast Claws	5
174	Beastland Ferocity	5
175	Befoul	4
176	Beget Bogun	5
177	Belker Claws	5
178	Benediction	5
179	Benign Transposition	5
180	Bestow Curse	5
181	Bestow Curse, Greater	5
182	Bestow Wound	4
183	Bewildering Mischance	5
184	Bewildering Substitution	5
185	Bewildering Visions	5
186	Bigby's Clenched Fist	5
187	Bigby's Crushing Hand	5
188	Bigby's Disrupting Hand	5
189	Bigby's Forceful Hand	5
190	Bigby's Grasping Hand	5
191	Bigby's Helpful Hand	5
192	Bigby's Interposing Hand	5
193	Bigby's Striking Fist	5
194	Bigby's Tripping Hand	5
195	Bigby's Warding Hand	5
196	Binding	5
197	Binding Snow	5
198	Binding Winds	5
199	Bite of the King	5
200	Bite of the Werebear	5
201	Bite of the Wereboar	5
202	Bite of the Wererat	5
203	Bite of the Weretiger	5
204	Bite of the Werewolf	5
205	Black Bag	4
206	Black Blade of Disaster	5
207	Black Karma Curse	5
208	Black Sand	5
209	Black Talon	5
210	Blackfire	5
211	Blacklight	5
212	Blackrot	5
213	Blackstaff	4
214	Blackwater Taint	5
215	Blackwater Tentacle	5
216	Blade Barrier	5
217	Blade Brothers	5
218	Blade of Blood	5
219	Blade of Pain and Fear	5
220	Blade Storm	5
221	Blade Thirst	5
222	Blades of Fire	5
223	Bladeweave	5
224	Blasphemy	5
225	Blast of Flame	5
226	Blast of Force	5
228	Blast of Sand	5
229	Blaze of Light	5
230	Bleakness	5
231	Bleed	5
232	Bless	5
233	Bless Water	5
234	Bless Weapon	5
235	Bless Weapon, Swift	5
236	Blessed Aim	5
237	Blessed Sight	5
238	Blessing of Bahamut	5
239	Blessing of the Righteous	5
240	Blight	5
241	Blinding Beauty	5
242	Blinding Breath	5
243	Blinding Color Surge	5
244	Blinding Glory	5
245	Blinding Spittle	5
246	Blindness/Deafness	5
247	Blindsight	5
248	Blindsight, Greater	5
249	Blink	5
250	Blink, Greater	5
251	Blistering Radiance	5
252	Blizzard	5
253	Blood Creepers	5
254	Blood Frenzy	5
255	Blood of the Martyr	5
256	Blood Sirocco	5
257	Blood Snow	5
258	Blood to Water	5
259	Blood Wind	5
260	Bloodhound	5
261	Bloodletting	5
262	Bloodstar	5
263	Blur	5
264	Bodak Birth	4
265	Bodak's Glare	5
266	Body Blades	5
267	Body Blaze	5
268	Body Harmonics	5
269	Body of the Sun	5
270	Body of War	5
271	Body Outside Body	5
272	Body Ward	5
273	Boiling Blood	5
274	Boiling Oil	5
275	Bolster Aura	5
276	Bolt of Glory	5
277	Bolts of Bedevilment	5
278	Bombardment	5
279	Bone Chill	5
280	Boneblade	4
281	Boneblast	4
282	Bonefiddle	5
283	Bones of the Earth	5
284	Boreal Wind	5
285	Bothersome Babble	5
286	Bottle of Smoke	5
287	Brain Spider	5
288	Brambles	5
289	Branch to Branch	5
290	Break Enchantment	5
291	Breath Flare	5
292	Breath of the Jungle	5
293	Breath Weapon Admixture	5
294	Breath Weapon Substitution	5
295	Briar Web	5
296	Briartangle	5
297	Bright Worms	5
298	Brilliant Aura	5
299	Brilliant Blade	5
300	Brilliant Emanation	5
301	Bristle	5
302	Brumal Stiffening	5
303	Bull's Strength	5
304	Bull's Strength, Mass	5
305	Buoyant Lifting	5
306	Burning Blood	5
307	Burning Hands	5
308	Burning Rage	5
309	Burning Sword	5
310	Burrow	5
311	Burrow, Mass	5
312	Buzzing Bee	5
313	Cacophonic Burst	5
314	Cacophonic Shield	5
315	Cacophonous Alarm	5
316	Call Avalance	5
317	Call Dretch Horde	4
318	Call Faithful Servants	5
319	Call Forth the Beast	5
320	Call Kolyarut	5
321	Call Lemure Horde	4
322	Call Lightning	5
323	Call Lightning Storm	5
324	Call Marut	5
325	Call Mount	5
326	Call Nightmare	4
327	Call of Stone	5
328	Call Zelekhut	5
329	Calm Animals	5
330	Calm Emotions	5
331	Caltrops	5
332	Camouflage	5
333	Camouflage, Mass	5
334	Capricious Zephyr	5
335	Cast in Stone	5
336	Castigate	5
337	Caterwaul	5
338	Cat's Grace	5
339	Cat's Grace, Mass	5
340	Catsfeet	5
341	Cause Fear	5
342	Caustic Mire	5
343	Caustic Smoke	5
344	Celebration	5
345	Celerity	5
346	Celerity, Greater	5
347	Celerity, Lesser	5
348	Celestial Aspect	5
349	Celestial Blood	5
350	Celestial Brilliance	5
351	Chaav's Laugh	5
352	Chain Dispel	5
353	Chain Lightning	5
354	Chain Missile	5
355	Chain of Eyes	5
356	Chain of Sorrow	5
358	Changestaff	5
360	Channel Celestial	5
361	Channel Greater Celestial	5
362	Channeled Divine Health	5
363	Channeled Divine Shield	5
364	Channeled Lifetheft	5
365	Channeled Pyroburst	5
366	Channeled Sonic Blast	5
367	Chaos Hammer	5
368	Charge of the Triceratops	5
369	Charm Animal	5
370	Charm Monster	5
371	Charm Monster, Mass	5
372	Charm Person	5
373	Charm Person, Mass	5
374	Charnel Fire	4
375	Chasing Perfection	5
376	Cheat	5
377	Checkmate's Light	5
378	Chill Metal	5
379	Chill of the Grave	5
380	Chill Touch	5
381	Choking Cobwebs	5
382	Choking Sands	5
383	Choose Destiny	5
384	Circle Dance	5
385	Circle of Death	5
386	Circle of Nausea	4
387	City Lights	5
388	City Stride	5
389	City's Might	5
390	Clairaudience/Clairvoyance	5
391	Clarity of Mind	5
392	Claws of Darkness	5
393	Claws of the Bear	5
394	Claws of the Bebilith	4
395	Claws of the Savage	4
396	Clear Mind	5
397	Climb Walls	5
398	Climbing Tree	5
399	Cloak of Bravery	5
400	Cloak of Bravery, Greater	5
401	Cloak of Chaos	5
402	Cloak of Dark Power	5
403	Cloak of Hate	5
404	Cloak of Shade	5
405	Cloak of the Sea	5
406	Cloak Pool	5
407	Clone	5
408	Close Wounds	5
409	Cloud Chariot	5
410	Cloud of Bewilderment	5
411	Cloud of Knives	5
412	Cloud of the Achaierai	4
413	Cloud Wings	5
414	Cloudburst	5
415	Cloudkill	5
417	Cloud-Walkers	5
418	Clutch of Orcus	5
419	Coat of Arms	5
420	Cobra's Breath	5
421	Cocoon	5
422	Cold Fire	5
423	Cold Snap	5
424	Color Spray	5
425	Column of Ice	5
426	Combined Talent	5
427	Combust	5
428	Cometfall	5
429	Cometstrike	5
430	Command	5
431	Command Plants	5
432	Command Undead	5
433	Command, Greater	5
434	Commune	5
435	Commune with City	5
436	Commune with Earth	4
437	Commune with Greater Spirit	5
438	Commune with Lesser Spirit	5
439	Commune with Nature	5
440	Comprehend Languages	5
441	Condemnation	5
442	Conduit of Life	5
443	Cone of Cold	5
444	Cone of Dimness	5
445	Confound	5
446	Confusion	5
447	Confusion, Lesser	5
448	Conjure Ice Beast I	5
449	Conjure Ice Beast II	5
450	Conjure Ice Beast III	5
451	Conjure Ice Beast IV	5
452	Conjure Ice Beast IX	5
453	Conjure Ice Beast V	5
454	Conjure Ice Beast VI	5
455	Conjure Ice Beast VII	5
456	Conjure Ice Beast VIII	5
457	Conjure Ice Object	5
458	Consecrate	5
459	Consecrate Battlefield	5
460	Constricting Chains	5
461	Construct Energy Ward	5
462	Construct Energy Ward, Greater	5
463	Consume Likeness	4
464	Consumptive Field	5
465	Consumptive Field, Greater	5
466	Contact Other Plane	5
467	Contagion	5
468	Contagion, Mass	5
469	Contagious Fog	5
470	Contagious Touch	5
471	Contingency	5
472	Contingent Energy Resistance	5
473	Continual Flame	5
474	Control Currents	5
475	Control Deathless	5
476	Control Plants	5
477	Control Sand	5
478	Control Snow and Ice	5
479	Control Temperature	5
480	Control Undead	5
481	Control Water	5
482	Control Weather	5
483	Control Winds	5
484	Convert Wand	5
485	Conviction	5
486	Conviction, Mass	5
487	Corona of Cold	5
488	Corpoeral Instability	4
489	Corporeal Instability	5
490	Corpse Candle	5
491	Corrosive Grasp	5
492	Countermoon	5
493	Crabwalk	5
494	Crack Ice	5
495	Crawling Darkness	5
496	Creaking Cacophony	5
497	Create Crossroads and Backroads	4
498	Create Deathless	5
499	Create Food and Water	5
500	Create Greater Deathless	5
501	Create Greater Undead	5
502	Create Magic Tattoo	5
503	Create Trap	5
504	Create Undead	5
505	Create Water	5
506	Creeping Cold	5
507	Creeping Cold, Greater	5
508	Creeping Darkness	5
509	Creeping Doom	5
510	Crisis of Confidence	5
511	Critical Strike	5
512	Critical Strike	5
513	Crown of Brilliance	5
514	Crown of Clarity	5
515	Crown of Flame	5
516	Crown of Glory	5
517	Crown of Might	5
518	Crown of Protection	5
519	Crown of Smiting	5
520	Crown of the Grave	5
521	Crown of Veils	5
522	Cruel Disappointment	4
523	Crumble	5
524	Crunchy Snow	5
525	Crushing Despair	5
526	Crushing Fist of Spite	4
527	Crushing Grip	5
528	Cry of Ysgard	5
529	Cryptwarden's Grasp	5
530	Crystalline Memories	5
531	Cure Critical Wounds	5
532	Cure Critical Wounds, Mass	5
533	Cure Light Wounds	5
534	Cure Light Wounds, Mass	5
535	Cure Minor Wounds	5
536	Cure Moderate Wounds	5
537	Cure Moderate Wounds, Mass	5
538	Cure Serious Wounds	5
539	Cure Serious Wounds, Mass	5
540	Curse of Arrow Attraction	5
541	Curse of Ill Fortune	5
542	Curse of Ill Fortune, Mass	5
543	Curse of Impending Blades	5
544	Curse of Impending Blades, Mass	5
545	Curse of Lycanthropy	5
546	Curse of the Putrid Husk	4
547	Curse Water	5
548	Cursed Blade	5
549	Curtain of Light	5
550	Cutting Hand	5
551	Cyclonic Blast	5
552	Daggerspell Stance	5
553	Damning Darkness	4
554	Dampen Magic	5
555	Dance of Ruin	4
556	Dance of the Unicorn	5
557	Dancing Blade	5
558	Dancing Blade	5
559	Dancing Chains	4
560	Dancing Lights	5
561	Dancing Web	5
562	Dark Tide	5
563	Dark Way	5
564	Darkbolt	5
565	Darkfire	5
566	Darklight	4
567	Darkness	5
568	Darkvision	5
571	Darkvision, Mass	5
572	Darts of Life	5
573	Dawn	5
574	Dawnburst	5
575	Daylight	5
576	Daze	5
577	Daze Monster	5
578	Dead End	5
579	Dead Fall	5
580	Deadly Lahar	5
581	Deadly Sunstroke	5
582	Deafening Blast	5
583	Deafening Clang	5
584	Death Armor	5
585	Death by Thorns	4
586	Death Dragon	5
587	Death Grimace	4
588	Death Hail	5
589	Death Knell	5
590	Death Pact	5
591	Death Throes	5
592	Death Ward	5
593	Death Ward, Mass	5
594	Death's Call	5
595	Deathsight	5
596	Deathwatch	5
597	Decapitating Scarf	5
598	Deceptive Faï¿½ade	5
599	Decomposition	5
600	Decoy Image	5
601	Deep Breath	5
602	Deep Slumber	5
603	Deeper Darkness	5
604	Deeper Darkvision	5
605	Defenestrating Sphere	5
606	Defile Snow and Ice	5
607	Deflect	5
608	Deflect, Lesser	5
609	Dehydrate	5
610	Deific Bastion	5
611	Deific Vengeance	5
612	Delay Death	5
613	Delay Disease	5
614	Delay Poison	5
615	Delayed Blast Fireball	5
616	Delusions of Grandeur	5
617	Demand	5
618	Demon Dirge	5
619	Demon Wings	4
620	Demoncall	4
621	Demonflesh	4
622	Demonhide	5
623	Depthsurge	5
624	Desecrate	5
625	Desecrate Battlefield	5
626	Desert Binding	5
627	Desert Diversion	5
628	Desiccate	5
629	Desiccate, Mass	5
630	Desiccating Bubble	5
631	Despoil	4
632	Destruction	5
633	Detect Aberration	5
634	Detect Animals or Plants	5
635	Detect Chaos	5
636	Detect Crossroads	4
637	Detect Evil	5
638	Detect Favored Enemy	5
639	Detect Fire	5
640	Detect Good	5
641	Detect Law	5
642	Detect Magic	5
643	Detect Metal and Minerals	4
644	Detect Poison	5
645	Detect Scrying	5
646	Detect Secret Doors	5
647	Detect Ship	5
648	Detect Snares and Pits	5
649	Detect Taint	5
650	Detect Thoughts	5
651	Detect Undead	5
652	Detect Weaponry	5
653	Detonate	5
654	Detoxify	5
655	Devil Blight	5
656	Devil's Ego	4
657	Devil's Eye	4
658	Devil's Tail	4
659	Devil's Tongue	4
660	Diamond Spray	5
661	Diamondsteel	5
662	Dictum	5
663	Dimension Door	5
664	Dimension Door, Greater	5
665	Dimension Hop	5
666	Dimension Jumper	5
667	Dimension Jumper, Greater	5
668	Dimension Shuffle	5
669	Dimension Step	5
670	Dimensional Anchor	5
671	Dimensional Lock	5
672	Diminish Plants	5
674	Dinosaur Stampede	5
675	Dire Hunger	5
676	Dirge	5
677	Dirge of Discord	5
678	Disable Construct	5
679	Discern Bloodline	5
680	Discern Lies	5
681	Discern Location	5
682	Discern Shapechanger	5
683	Discolor Pool	5
684	Discordant Malediction	5
685	Disguise Self	5
686	Disguise Ship	5
687	Disguise Undead	5
688	Disintegrate	5
689	Dismissal	5
690	Dispel Chaos	5
691	Dispel Cold	5
692	Dispel Evil	5
693	Dispel Fire	5
694	Dispel Good	5
695	Dispel Law	5
696	Dispel Magic	5
697	Dispel Magic, Greater	5
698	Dispel Ward	5
699	Dispel Water	5
700	Dispelling Breath	5
701	Dispelling Screen	5
702	Dispelling Screen, Greater	5
703	Dispelling Touch	5
704	Displacement	5
705	Displacer Form	5
706	Disquietude	5
707	Disrupt Undead	5
708	Disrupt Undead, Greater	5
709	Disrupting Weapon	5
710	Dissonant Chant	5
711	Dissonant Chord	5
712	Distilled Joy	5
713	Distort Speech	5
714	Distort Summons	4
715	Distort Weapon	4
716	Distract	5
717	Distract Assailant	5
718	Distracting Ray	5
719	Divination	5
720	Divine Agility	5
721	Divine Favor	5
722	Divine Insight	5
723	Divine Inspiration	5
724	Divine Interdiction	5
725	Divine Power	5
726	Divine Presence	5
727	Divine Protection	5
728	Divine Retaliation	5
729	Divine Retribution	5
730	Divine Sacrifice	5
731	Dolorous Blow	5
732	Dolorous Motes	5
733	Dominate Animal	5
734	Dominate Monster	5
735	Dominate Person	5
736	Doom	5
737	Doom of the Seas	5
738	Doom Scarabs	5
739	Doomtide	5
740	Door of Decay	5
741	Doublespeak	5
742	Downdraft	5
743	Draconic Might	5
744	Draconic Polymorph	5
745	Dragon Ally	5
746	Dragon Ally, Greater	5
747	Dragon Ally, Lesser	5
748	Dragon Breath	5
749	Dragon Cloud	5
750	Dragonshape	5
751	Dragonsight	5
752	Dragonskin	5
753	Drawmij's Instant Summons	5
754	Dread Blast	5
755	Dread Word	4
756	Dreaded Form of the Eye Tyrant	5
757	Dream	5
758	Dream Casting	5
759	Dream Sight	5
760	Dream Walk	5
761	Dreaming Puppet	5
762	Drifts of the Shalm	5
763	Drown	5
764	Drown, Mass	5
765	Drug Resistance	4
766	Drums of War	5
767	Duelward	5
768	Dust to Dust	5
769	Eagle's Splendor	5
770	Eagle's Splendor, Mass	5
771	Early Twilight	5
772	Earth Glide	5
773	Earth Hammer	5
774	Earth Lock	5
775	Earth Reaver	5
776	Earthbind	5
777	Earthbolt	5
778	Earthen Grace	5
779	Earthen Grasp	5
780	Earthfast	5
781	Earthquake	5
782	Ease of Breath	5
783	Ease Pain	5
784	Easy Climb	5
785	Easy Trail	5
786	Ebon Eyes	5
787	Echo Skull	5
788	Ectoplasmic Armor	5
789	Ectoplasmic Enhancement	4
790	Ectoplasmic Feedback	5
791	Effulgent Epuration	5
792	Eladrin Form	5
793	Elation	5
794	Electric Jolt	5
795	Electric Loop	5
796	Electric Vengeance	5
797	Electric Vengeance, Greater	5
798	Elemental Body	5
799	Elemental Burst	5
800	Elemental Eye	5
801	Elemental Swarm	5
802	Elemental Ward	5
803	Embrace The Wild	5
804	Emerald Burst	5
805	Emerald Flame Fist	5
806	Empyreal Ecstasy	5
807	End to Strife	5
808	Endless Slumber	5
809	Endure Elements	5
810	Enduring Flight	5
811	Enduring Scrutiny	5
812	Energetic Healing	5
813	Energize Potion	5
814	Energized Shield	5
815	Energized Shield, Lesser	5
816	Energy Absorption	5
817	Energy Aegis	5
818	Energy Alteration	5
819	Energy Drain	5
820	Energy Ebb	5
821	Energy Immunity	5
822	Energy Spheres	5
823	Energy Surge	5
824	Energy Surge, Greater	5
825	Energy Surge, Lesser	5
826	Energy Transformation Field	5
827	Energy Vortex	5
828	Energy Vulnerability	5
829	Enervating Breath	5
830	Enervation	5
831	Enhance Familiar	5
832	Enhance Wild Shape	5
833	Enhancement Alteration	5
834	Enlarge Person	5
835	Enlarge Person, Greater	5
836	Enlarge Person, Mass	5
837	Enrage Animal	5
838	Entangle	5
839	Entangling Scarf	5
840	Entangling Staff	5
841	Enthrall	5
842	Entice Gift	5
843	Entomb	5
844	Entropic Shield	5
845	Enveloping Cocoon	5
846	Eradicate Earth	5
847	Erase	5
848	Esclating Enfeeblement	5
849	Essence of the Dragon	5
850	Essence of the Raptor	5
851	Estanna's Stew	5
852	Eternity of Torture	4
853	Ethereal Breath	5
854	Ethereal Chamber	5
855	Ethereal Jaunt	5
856	Ethereal Mount	5
857	Etherealness	5
858	Etherealness, Swift	5
859	Evard's Black Tentacles	5
860	Evard's Menacing Tentacles	5
861	Evergreen	5
862	Evil Eye	4
863	Evil Glare	5
864	Evil Weather	4
865	Exacting Shot	5
866	Exalted Fury	5
867	Exalted Raiment	5
868	Excavate	5
869	Execration	5
870	Expeditious Retreat	5
871	Expeditious Retreat, Swift	5
872	Explosive Cascade	5
873	Explosive Rune Field	5
874	Explosive Runes	5
875	Extend Tentacles	5
876	Extract Drug	4
877	Extract Water Elemental	5
878	Eye of Power	5
879	Eye of Stone	5
880	Eye of the Beholder	4
881	Eye of the Hurricane	5
882	Eyebite	5
883	Eyes of the Avoral	5
884	Eyes of the King	5
885	Eyes of the Zombie	4
886	Fabricate	5
887	Faerie Fire	5
888	Faerinaal's Hymn	5
889	Faith Healing	5
890	False Gravity	5
891	False Lie	5
892	False Life	5
893	False Peacebond	5
894	False Sending	4
895	False Vision	5
896	Familial Geas	5
897	Familiar Pocket	5
898	Familiar Refuge	5
899	Fangs of the Vampire King	5
900	Fantastic Machine	5
901	Fantastic Machine, Greater	5
902	Favor of the Martyr	5
903	Favorable Sacrifice	5
904	Favorable Wind	5
905	Fear	5
906	Fearsome Grapple	5
907	Feast of Champions	5
908	Feather Fall	5
909	Feeblemind	5
910	Fell the Greatest Foe	5
911	Fever Dream	5
912	Field of Ghouls	5
913	Field of Icy Razors	5
914	Field of Resistance	5
915	Fiendform	5
916	Fiendish Clarity	4
917	Fiendish Quickening	4
918	Fierce Pride of the Beastlands	5
919	Fiery Eyes	5
920	Fimbulwinter	5
921	Find Temple	5
922	Find the Gap	5
923	Find the Path	5
924	Find Traps	5
925	Finding the Center	5
926	Finger of Agony	5
927	Finger of Death	5
928	Fins to Feet	5
929	Fire and Brimstone	5
930	Fire Breath	5
931	Fire in the Blood	5
932	Fire Seeds	5
933	Fire Shield	5
934	Fire Shield, Mass	5
935	Fire Shuriken	5
936	Fire Spiders	5
937	Fire Storm	5
938	Fire Stride	5
939	Fire Trap	5
940	Fire Wings	5
941	Fireball	5
942	Firebrand	5
943	Fireburst	5
944	Fireburst, Greater	5
945	Fires of Purity	5
946	Fireward	5
947	Fist of Stone	5
948	Flame Arrow	5
949	Flame Blade	5
950	Flame Dagger	5
951	Flame of Faith	5
952	Flame Strike	5
953	Flame Whip	5
954	Flaming Sphere	5
955	Flare	5
956	Flashburst	5
957	Flashflood	5
958	Flash-Freeze	5
959	Flaying Tendrils	5
960	Flaywind Burst	5
961	Flensing	5
962	Flesh Armor	4
963	Flesh Ripper	4
964	Flesh to Ice	5
965	Flesh to Salt	5
966	Flesh to Salt, Mass	5
967	Flesh to Stone	5
968	Fleshshiver	5
969	Flight of the Dragon	5
970	Float	5
971	Floating Disk, Greater	5
972	Flowsight	5
973	Fly	5
974	Fly, Mass	5
975	Fly, Swift	5
979	Focus Touchstone Energy	5
980	Focusing Chant	5
981	Foebane	5
982	Fog Cloud	5
983	Footsteps of the Divine	5
984	Forbiddance	5
985	Forbidden Speech	4
986	Force Chest	5
987	Force Claw	5
988	Force Ladder	5
989	Force Missiles	5
990	Forcecage	5
991	Forceward	5
992	Forcewave	5
993	Foresight	5
994	Forest Child	5
995	Forest Eyes	5
996	Forest Voice	5
997	Forestfold	5
998	Form of the Threefold Beast	5
999	Fortify Cold Creatures	5
1000	Fortify Familiar	5
1001	Fortunate Fate	5
1002	Foundation of Stone	5
1003	Fox's Cunning	5
1004	Fox's Cunning, Mass	5
1005	Freedom	5
1006	Freedom of Breath	5
1007	Freedom of Movement	5
1008	Freeze	5
1009	Freeze Armor	5
1010	Freezing Fog	5
1011	Freezing Glance	5
1012	Friend to Foe	5
1013	Friendly Face	5
1014	Frost Breath	5
1015	Frost Weapon	5
1016	Frostbite	5
1017	Frostburn	5
1018	Frostburn, Lesser	5
1019	Frostburn, Mass	5
1020	Frostfell	5
1021	Frostfell Slide	5
1022	Fugue	5
1023	Fuse Arms	5
1024	Fuse Sand	5
1025	Gaseous Form	5
1026	Gate	5
1027	Geas, Lesser	5
1028	Geas/Quest	5
1029	Gedlee's Electric Loop	5
1030	Gelid Blood	5
1031	G'elsewhere Chant	5
1032	Gembomb	5
1033	Gemjump	5
1034	General of Undeath	5
1035	Genius Loci	5
1036	Gentle Repose	5
1037	Ghost Lantern	5
1038	Ghost Light	5
1039	Ghost Sound	5
1040	Ghost Touch Armor	5
1041	Ghost Touch Weapon	5
1042	Ghost Trap	5
1043	Ghostform	5
1044	Ghostharp	5
1045	Ghostly Reload	5
1046	Ghostly Tail	5
1047	Ghoul Gauntlet	5
1048	Ghoul Gesture	5
1049	Ghoul Glyph	5
1050	Ghoul Light	5
1051	Ghoul Touch	5
1052	Giant Size	5
1053	Giant Vermin	5
1054	Giant's Wrath	5
1055	Girallon's Blessing	5
1056	Glacial Globe of Invulnerability	5
1057	Glacial Ward	5
1058	Glacial Ward, Greater	5
1059	Glacier	5
1060	Glass Strike	5
1061	Glaze Lock	5
1062	Glibness	5
1063	Glimpse of Truth	4
1064	Glitterdust	5
1065	Globe of Invulnerability	5
1066	Globe of Invulnerability, Lesser	5
1067	Glorious Raiment	5
1068	Glory of the Martyr	5
1069	Glowing Orb	5
1070	Glyph of Warding	5
1071	Glyph of Warding, Greater	5
1072	Gnome Blight	5
1073	Golden Barding	5
1074	Golem Strike	5
1075	Good Hope	5
1076	Goodberry	5
1077	Grace	5
1078	Grave Strike	5
1079	Graymantle	5
1080	Graz'zt's Long Grasp	4
1081	Grease	5
1082	Great Thunderclap	5
1083	Great Worm of the Earth	5
1084	Grim Revenge	4
1085	Guards and Wards	5
1086	Guidance	5
1087	Guided Path	5
1088	Guided Shot	5
1089	Guiding Light	5
1090	Gust of Wind	5
1091	Gutsnake	5
1092	Gutwrench	4
1093	Haboob	5
1094	Hail of Stone	5
1095	Hailstones	5
1096	Hallow	5
1097	Hallucinatory Terrain	5
1098	Halo of Sand	5
1099	Halt	5
1100	Halt Deathless	5
1101	Halt Undead	5
1102	Hamatula Barbs	5
1103	Hammer of Righteousness	5
1104	Hand of Divinity	4
1105	Hand of the Faithful	4
1106	Handfang	4
1107	Handfire	5
1108	Hardening	4
1109	Harm	5
1110	Harm, Greater	5
1111	Harm, Mass	5
1112	Harmonic Chorus	5
1113	Harmonize	5
1114	Harmonize, Greater	5
1115	Haste	5
1116	Haste, Swift	5
1117	Haunt Shift	5
1118	Haunting Tune	4
1119	Hawkeye	5
1120	Heal	5
1121	Heal Animal Companion	5
1122	Heal Mount	5
1123	Heal, Mass	5
1124	Healing Circle	5
1125	Healing Lorecall	5
1126	Healing Spirit	5
1127	Healing Sting	4
1128	Healing Touch	4
1129	Healthful Rest	5
1130	Heart of Air	5
1131	Heart of Earth	5
1132	Heart of Fire	5
1133	Heart of Stone	5
1134	Heart of Water	5
1135	Heart Ripper	5
1136	Heartache	4
1137	Heartclutch	4
1138	Heartfire	4
1139	Heartfreeze	5
1140	Heart's Ease	5
1141	Heat Drain	5
1142	Heat Leech	5
1143	Heat Metal	5
1144	Heatstroke	5
1145	Heavenly Host	5
1146	Heavenly Lightning	5
1147	Heavenly Lightning Storm	5
1148	Heaven's Trumpet	5
1149	Hellfire	4
1150	Hellfire Storm	4
1151	Hellish Horde	5
1152	Hell's Power	4
1153	Helping Hand	5
1154	Herald's Call	5
1155	Heroes' Feast	5
1156	Heroics	5
1157	Heroism	5
1158	Heroism, Greater	5
1159	Hero's Blade	5
1160	Hesitate	5
1161	Hibernal Healing	5
1162	Hibernate	5
1163	Hidden Lodge	5
1164	Hide from Animals	5
1165	Hide from Dragons	5
1166	Hide from Undead	5
1167	Hide the Path	5
1168	Hindsight	5
1169	Hiss of Sleep	5
1170	Hoard Life	5
1171	Hold Animal	5
1172	Hold Monster	5
1173	Hold Monster, Mass	5
1174	Hold Person	5
1175	Hold Person, Mass	5
1176	Hold Portal	5
1177	Holy Aura	5
1178	Holy Mount	5
1179	Holy Smite	5
1180	Holy Spurs	5
1181	Holy Star	5
1182	Holy Storm	5
1183	Holy Sword	5
1184	Holy Transformation	5
1185	Holy Transformation, Lesser	5
1186	Holy Word	5
1187	Hood of the Cobra	5
1188	Horrible Taste	5
1189	Horrid Sickness	5
1190	Horrid Wilting	5
1191	Hound of Doom	5
1192	Howling Chain	5
1193	Hungry Gizzard	5
1194	Hunter's Eye	5
1195	Hunter's Mercy	4
1196	Hunters of Hades	5
1197	Hurl	5
1198	Hurtling Stone	5
1199	Hydrate	5
1200	Hymn of Praise	5
1201	Hypnotic Pattern	5
1202	Hypnotism	5
1203	Hypothermia	5
1204	Ice Assassin	5
1205	Ice Axe	5
1206	Ice Blast	5
1207	Ice Castle	5
1208	Ice Claw	4
1209	Ice Dagger	4
1210	Ice Darts	5
1211	Ice Flowers	5
1212	Ice Gauntlet	5
1213	Ice Knife	5
1214	Ice Rift	5
1215	Ice Shape	5
1216	Ice Shield	5
1217	Ice Ship	5
1218	Ice Skate	5
1219	Ice Slick	5
1220	Ice Storm	5
1221	Ice to Flesh	5
1222	Ice Web	5
1223	Iceberg	5
1224	Icelance	5
1225	Icicle	5
1226	Iconic Manifestation	5
1227	Identify	5
1228	Identify Transgressor	4
1229	Illusory Feast	5
1230	Illusory Pit	5
1231	Illusory Script	5
1232	Illusory Wall	5
1233	Imbue Familiar with Spell Ability	5
1235	Imbue with Spell Ability	5
1236	Immediate Assistance	5
1237	Impede	5
1238	Impede Sun's Brilliance	5
1239	Impeding Stones	5
1240	Imperious Glare	5
1241	Implacable Pursuer	5
1242	Implosion	5
1243	Impotent Possessor	4
1244	Imprison Possessor	4
1245	Imprison Soul	4
1246	Imprisonment	5
1247	Improvisation	5
1248	Incendiary Cloud	5
1249	Incendiary Slime	5
1250	Incendiary Surge	5
1251	Incite	5
1252	Incite Riot	5
1253	Incorporeal Enhancement	5
1254	Incorporeal Nova	5
1255	Increase Virulence	5
1256	Indomitability	5
1257	Inevitable Defeat	5
1258	Infernal Threnody	5
1259	Infernal Transformation	5
1260	Infernal Transformation, Lesser	5
1261	Infernal Wound	5
1262	Inferno	5
1263	Infestation of Maggots	5
1264	Inflict Critical Damage	5
1265	Inflict Critical Wounds	5
1266	Inflict Critical Wounds, Mass	5
1267	Inflict Light Damage	5
1268	Inflict Light Wounds	5
1269	Inflict Light Wounds, Mass	5
1270	Inflict Minor Wounds	5
1271	Inflict Moderate Damage	5
1272	Inflict Moderate Wounds	5
1273	Inflict Moderate Wounds, Mass	5
1274	Inflict Serious Damage	5
1275	Inflict Serious Wounds	5
1276	Inflict Serious Wounds, Mass	5
1277	Inhibit	5
1278	Inky Cloud	5
1279	Inquisition	5
1280	Insanity	5
1281	Insect Plague	5
1282	Insidious Rhythm	5
1283	Insight of Good Fortune	5
1284	Insightful Feint	5
1285	Insignia of Alarm	5
1286	Insignia of Blessing	5
1287	Insignia of Healing	5
1288	Insignia of Warding	5
1289	Inspirational Boost	5
1290	Inspired Aim	5
1291	Instant Diversion	5
1292	Instant Locksmith	5
1293	Instant Refuge	4
1294	Instant Search	5
1295	Interfaith Blessing	5
1296	Intermindable Echo	5
1297	Internal Fire	5
1298	Interplanar Message	5
1299	Interplanar Telepathic Bond	5
1300	Invest Heavy Protection	5
1301	Invest Light Protection	5
1302	Invest Moderate Protection	5
1303	Invisibility	5
1304	Invisibility Purge	5
1305	Invisibility Sphere	5
1306	Invisibility, Greater	5
1307	Invisibility, Mass	5
1308	Invisibility, Superior	5
1309	Invisibility, Swift	5
1310	Invoke Magic	5
1311	Invoke the Cerulean Sign	5
1312	Iron Body	5
1313	Iron Bones	5
1314	Iron Construct	5
1315	Iron Scarf	5
1316	Iron Silence	5
1317	Ironguard	4
1318	Ironguard, Lesser	4
1319	Ironguts	4
1320	Ironthunder Horn	4
1321	Ironwood	5
1322	Item Alteration	5
1323	Ivory Flesh	5
1324	Jagged Tooth	5
1325	Jaws of the Moray	5
1326	Jaws of the Wolf	4
1327	Jet of Steam	5
1328	Jig of the Waves	5
1329	Joyful Noise	5
1330	Jump	5
1331	Junglerazer	5
1332	Jungle's Rapture	5
1333	Karmic Aura	5
1334	Karmic Backlash	5
1335	Karmic Retribution	5
1336	Keen Edge	5
1337	Kelgore's Fire Bolt	5
1338	Kelgore's Grave Mist	5
1339	Kelpstrand	5
1340	Kiss of the Toad	5
1341	Kiss of the Vampire	5
1342	Knight's Move	5
1343	Knock	5
1344	Know Direction	5
1345	Know Greatest Enemy	4
1346	Know Opponent	5
1347	Know Protections	4
1348	Know Vulnerabilities	4
1349	Kuo-Toa Skin	5
1350	Lahm's Finger Darts	4
1351	Land Womb	4
1352	Languor	5
1353	Lantern Light	5
1354	Lash of Force	5
1355	Last Breath	5
1356	Last Judgement	5
1357	Lastai's Caress	5
1358	Launch Bolt	4
1359	Launch Item	4
1360	Lawful Sword	5
1361	Lay of the Land	5
1362	Legend Lore	5
1363	Legion of Sentinels	5
1364	Leomund's Billet	5
1365	Leomund's Secret Chest	5
1366	Leomund's Secure Shelter	5
1367	Leomund's Spacious Carriage	5
1368	Leomund's Tiny Hut	5
1369	Leomund's Tiny Igloo	5
1370	Leomund's Trap	5
1371	Leonal's Roar	5
1372	Levitate	5
1373	Life Bolt	4
1374	Life Ward	5
1375	Life's Grace	5
1376	Light	5
1377	Light of Courage	5
1378	Light of Faith	5
1379	Light of Lunia	5
1380	Light of Mercuria	5
1381	Light of Purity	5
1382	Light of Venya	5
1383	Light of Wisdom	5
1384	Lightfoot	5
1385	Lighting Blade	5
1386	Lightning Bolt	5
1387	Lightning Leap	5
1388	Lightning Ring	5
1390	Limited Wish	5
1391	Lingering Chorus	5
1392	Lingering Flames	5
1393	Linked Perception	5
1394	Lionheart	5
1395	Lion's Charge	5
1396	Lion's Roar	5
1397	Liquid Pain	4
1398	Listening Coin	5
1399	Listening Lorecall	5
1400	Lively Step	5
1401	Liveoak	5
1402	Living Prints	4
1403	Living Undeath	5
1404	Local Tremor	5
1405	Locate City	5
1406	Locate Creature	5
1407	Locate Object	5
1408	Locate Touchstone	5
1409	Locate Water	5
1410	Longstrider	5
1411	Longstrider, Mass	5
1412	Lore of the Gods	5
1413	Love's Lament	5
1414	Love's Pain	4
1415	Lower Spell Resistance	5
1416	Low-Light Vision	5
1417	Loyal Vassal	4
1418	Lucent Lance	5
1419	Lullaby	5
1420	Luminous Armor	5
1421	Luminous Armor, Greater	5
1422	Luminous Assassin	5
1423	Luminous Assassin, Greater	5
1424	Luminous Assassin, Lesser	5
1425	Luminous Gaze	5
1426	Luminous Swarm	5
1427	Lutzaen's Frequent Jaunt	4
1428	Mace of Odo	5
1429	Maddening Scream	5
1430	Maddening Whispers	5
1431	Maelstrom	5
1432	Mage Armor	5
1433	Mage Armor, Greater	5
1434	Mage Armor, Mass	5
1435	Mage Hand	5
1436	Mage Hand, Greater	4
1437	Magecraft	5
1438	Magic Circle against Chaos	5
1439	Magic Circle against Evil	5
1440	Magic Circle against Good	5
1441	Magic Circle against Law	5
1442	Magic Convalescence	5
1443	Magic Fang	5
1444	Magic Fang, Greater	5
1445	Magic Fang, Superior	5
1447	Magic Jar	5
1450	Magic Miasma	5
1451	Magic Missile	5
1452	Magic Mouth	5
1453	Magic Savant	5
1454	Magic Stone	5
1455	Magic Vestment	5
1456	Magic Weapon	5
1457	Magic Weapon, Greater	5
1458	Magnetism	5
1460	Major Creation	5
1461	Major Image	5
1462	Make Manifest	5
1463	Make Manifest, Mass	5
1464	Make Whole	5
1465	Malevolent Miasma	4
1466	Mana Flux	5
1467	Manifest Desire	5
1468	Manifest Dragon Heritage	5
1469	Manifest Dragon Heritage, Greater	5
1470	Manifest Nightmare	5
1471	Mantle of Chaos	5
1472	Mantle of Evil	5
1473	Mantle of Good	5
1474	Mantle of Law	5
1475	Mantle of Pure Spite	5
1476	Mantle of the Fiery Spirit	5
1477	Mantle of the Icy Soul	5
1478	Manyjaws	5
1480	Mark of Doom	5
1481	Mark of Judgment	5
1482	Mark of Justice	5
1483	Mark of Sin	5
1484	Mark of the Hunter	5
1485	Mark of the Outcast	5
1486	Marked Object	5
1487	Mask of the Ideal	5
1489	Masochism	4
1490	Master Air	4
1491	Master Cavalier	5
1492	Master Earth	4
1493	Master's Lament	5
1494	Master's Touch (PH2)	5
1495	Master's Touch (SpC)	5
1496	Mastery of the Sky	5
1497	Maw of Chaos	4
1498	Maw of Stone	4
1499	Maze	5
1500	Mechanus Mind	5
1501	Megalodon Empowerment	5
1502	Meld into Ice	5
1503	Meld into Stone	5
1504	Melf's Acid Arrow	5
1505	Melf's Slumber Arrows	5
1506	Melf's Unicorn Arrow	5
1507	Melt	5
1508	Memory Rot	4
1509	Mending	5
1510	Mephit Mob	5
1511	Mesmerizing Glare	5
1512	Message	5
1513	Metal Fang	5
1514	Metal Melt	4
1515	Metal Skin	5
1516	Metamagic Item	5
1517	Meteor Swarm	5
1518	Meteoric Strike	5
1519	Miasma	5
1520	Miasma of Entropy	5
1521	Mighty Wallop	5
1522	Mighty Wallop, Greater	5
1523	Mind Blank	5
1524	Mind Bond	5
1525	Mind Fog	5
1526	Mind Poison	5
1527	Mindfrost	5
1528	Mindless Rage	5
1529	Mindrape	4
1530	Minor Creation	5
1531	Minor Disguise	4
1532	Minor Image	5
1533	Minute Form	5
1534	Miracle	5
1535	Mirage Arcana	5
1536	Mirror Image	5
1537	Mirror Image, Greater	5
1538	Mirror Sending	4
1539	Misdirection	5
1540	Miser's Envy	5
1541	Mislead	5
1542	Modify Memory	5
1543	Mold Touch	5
1544	Molten Strike	5
1545	Moment of Clarity	5
1546	Moment of Prescience	5
1547	Monstrous Thrall	5
1548	Moon Blade	4
1549	Moon Bolt	5
1550	Moon Lust	5
1551	Moon Path	5
1552	Moonbeam	4
1553	Moonbow	5
1554	Moonfire	4
1555	Moonweb	5
1556	Morale Facade	5
1557	Morality Undone	4
1558	Mordenkainen's Capable Caravel	5
1559	Mordenkainen's Disjunction	5
1560	Mordenkainen's Faithful Hound	5
1561	Mordenkainen's Lucubration	5
1562	Mordenkainen's Magnificent Mansion	5
1563	Mordenkainen's Private Sanctum	5
1564	Mordenkainen's Sword	5
1565	Mordenkainen's Trusted Bloodhound	5
1566	Mount	5
1567	Mountain Stance	5
1568	Move Earth	5
1569	Move Snow and Ice	5
1570	Mudslide	5
1571	Mummify	5
1572	Murderous Mist	5
1573	Mysterious Redirection	5
1574	Mystic Aegis	5
1575	Mystic Lash	5
1576	Mystic Surge	5
1577	Nature's Avatar	5
1578	Nature's Balance	5
1579	Nature's Favor	5
1580	Nature's Purity	5
1581	Nature's Rampart	5
1582	Nature's Wrath	5
1583	Naturewatch	5
1584	Nauseating Breath	5
1585	Near Horizon	5
1586	Necrotic Awareness	5
1587	Necrotic Bloat	5
1588	Necrotic Burst	5
1589	Necrotic Curse	5
1590	Necrotic Cyst	5
1591	Necrotic Domination	5
1592	Necrotic Empowerment	5
1593	Necrotic Eruption	5
1594	Necrotic Scrying	5
1595	Necrotic Termination	5
1596	Necrotic Tumor	5
1597	Negative Energy Aura	5
1598	Nerveskitter	4
1599	Net of Shadows	4
1600	Nether Trail	4
1601	Neutralize Poison	5
1602	Nightmare	5
1603	Nightmare Lullaby	4
1604	Nightmare Terrain	5
1605	Night's Caress	5
1606	Nightshield	5
1607	Nightstalker's Transformation	5
1608	Nimbus of Light	5
1609	Nixie's Grace	5
1610	No Light	4
1611	Nondetection	5
1612	Numbing Sphere	5
1613	Nystul's Magic Aura	5
1614	Oath of Blood	5
1615	Obedient Avalanche	5
1616	Obscure Object	5
1617	Obscuring Mist	5
1618	Obscuring Snow	5
1619	Omen of Peril	5
1620	One Mind	5
1621	One Mind, Greater	5
1622	One Mind, Lesser	5
1623	One with the Land	4
1624	Ooze Puppet	5
1625	Opalescent Glare	5
1626	Open/Close	5
1627	Orb of Acid	5
1628	Orb of Acid, Lesser	5
1629	Orb of Cold	5
1630	Orb of Cold, Lesser	5
1631	Orb of Electricity	5
1632	Orb of Electricity, Lesser	5
1633	Orb of Fire	5
1634	Orb of Fire, Lesser	5
1635	Orb of Force	5
1636	Orb of Sound	5
1637	Orb of Sound, Lesser	5
1638	Order's Wrath	5
1639	Otiluke Supressing Field	5
1640	Otiluke's Freezing Sphere	5
1641	Otiluke's Resilient Sphere	5
1642	Otiluke's Telekinetic Sphere	5
1643	Otto's Imperative Ambulation	5
1644	Otto's Irresistible Dance	5
1645	Otyugh Swarm	5
1646	Overland Flight	5
1647	Overwhelm	5
1648	Owl's Insight	4
1649	Owl's Wisdom	5
1650	Owl's Wisdom, Mass	5
1651	Pact of Martyrdom	5
1652	Pact of Return	5
1653	Pain	5
1654	Painful Echoes	5
1655	Pall of Twilight	5
1656	Panacea	5
1657	Parboil	5
1658	Parching Touch	5
1659	Pass through Ice	5
1660	Pass without Trace	5
1661	Passwall	5
1662	Path of the Exalted	5
1663	Pavilion of Grandeur	5
1664	Peacebond	5
1665	Peaceful Serenity of Io	5
1666	Perfect Summons	5
1667	Perinarch	5
1668	Perinarch, Planar	5
1669	Permanency	5
1670	Permanent Image	5
1671	Persistent Blade	4
1672	Persistent Image	5
1673	Pestilence	4
1674	Phantasmal Assailants	5
1675	Phantasmal Decoy	5
1676	Phantasmal Disorientation	5
1677	Phantasmal Killer	5
1678	Phantasmal Strangler	5
1679	Phantasmal Thief	4
1680	Phantom Battle	5
1681	Phantom Bear	5
1682	Phantom Charge	5
1683	Phantom Foe	5
1684	Phantom Guardians	5
1685	Phantom Stag	5
1686	Phantom Steed	5
1687	Phantom Threat	5
1688	Phantom Wolf	5
1689	Phase Door	5
1690	Phieran's Resolve	5
1691	Phoenix Fire	5
1693	Plague	5
1694	Plague Carrier	4
1695	Plague of Nightmares	4
1696	Plague of Rats	5
1697	Plague of Undead	5
1698	Planar Ally	5
1699	Planar Ally, Greater	5
1700	Planar Ally, Lesser	5
1701	Planar Binding	5
1702	Planar Binding, Greater	5
1703	Planar Binding, Lesser	5
1704	Planar Bubble	5
1705	Planar Exchange	5
1706	Planar Exchange, Greater	5
1707	Planar Exchange, Lesser	5
1708	Planar Navigation	5
1709	Planar Tolerance	5
1710	Plane Shift	5
1711	Plane Shift, Greater	5
1712	Plant Body	5
1713	Plant Growth	5
1714	Poison	5
1715	Poison Needles	5
1716	Poison Thorns	5
1717	Poison Vines	5
1718	Polar Ray	5
1719	Polymorph	5
1720	Polymorph Any Object	5
1721	Portal Alarm	5
1722	Portal Alarm, Improved	5
1723	Portal Beacon	5
1724	Positive Energy Aura	5
1725	Possess Animal	5
1726	Power Leech	4
1727	Power Surge	5
1728	Power Word Blind	5
1729	Power Word Deafen	5
1730	Power Word Disable	5
1731	Power Word Distract	5
1732	Power Word Fatigue	5
1733	Power Word Kill	5
1734	Power Word Maladroit	5
1735	Power Word Nauseate	5
1736	Power Word Pain	5
1737	Power Word Petrify	5
1738	Power Word Sicken	5
1739	Power Word Stun	5
1740	Power Word Weaken	5
1741	Pox	4
1742	Prayer	5
1743	Precipitate Breach	5
1744	Precipitate Complete Breach	5
1745	Preserve Organ	4
1746	Pressure Sphere	5
1747	Prestidigitation	5
1748	Prickling Torment	5
1749	Primal Form	5
1750	Prismatic Aura	5
1751	Prismatic Bow	5
1752	Prismatic Deluge	5
1753	Prismatic Eye	5
1754	Prismatic Mist	5
1755	Prismatic Ray	5
1756	Prismatic Sphere	5
1757	Prismatic Spray	5
1758	Prismatic Wall	5
1759	Probe Thoughts	5
1760	Produce Flame	5
1761	Profane Item	5
1762	Programmed Amnesia	5
1763	Programmed Image	5
1764	Project Image	5
1765	Pronouncement of Fate	5
1766	Protection from Arrows	5
1767	Protection from Chaos	5
1768	Protection From Charm	5
1769	Protection from desiccation	5
1770	Protection from Energy	5
1771	Protection from Evil	5
1772	Protection from Good	5
1773	Protection from Law	5
1774	Protection from Negative Energy	5
1775	Protection from Positive Energy	5
1776	Protection from Spells	5
1778	Protï¿½gï¿½	5
1779	Proud Arrogance	5
1780	Prying Eyes	5
1781	Prying Eyes, Greater	5
1782	Psychic Poison	4
1783	Pulse of Hate	5
1784	Puppeteer	4
1785	Purify Food and Drink	5
1786	Pyrotechnics	5
1787	Quench	5
1788	Quick March	5
1789	Quick Potion	4
1790	Quickshift	5
1791	Quickswim	5
1792	Quill Blast	5
1793	Quillfire	4
1794	Radiance	5
1795	Radiant Assault	5
1796	Radiant Fog	5
1797	Radiant Shield	5
1798	Rage	5
1799	Raging Flame	5
1800	Rain of Black Tulips	5
1801	Rain of Embers	5
1802	Rain of Needles	5
1803	Rain of Roses	5
1804	Rain of Spines	5
1805	Rainbow Beam	5
1806	Rainbow Blast	5
1807	Rainbow Pattern	5
1808	Raise Dead	5
1809	Raise from the Deep	5
1810	Raise Ice Forest	5
1811	Ram's Might	4
1812	Rapid Burrowing	5
1813	Raptor's Sight	5
1814	Rapture of Rupture	4
1815	Rapture of the Deep	5
1816	Rary's Arcane Conversion	5
1817	Rary's Mnemonic Enhancer	5
1818	Rary's Telepathic Bond	5
1819	Ravenous Darkness	5
1820	Ray of Clumsiness	5
1821	Ray of Deanimation	5
1822	Ray of Deflection	5
1823	Ray of Dizziness	5
1824	Ray of Enfeeblement	5
1825	Ray of Entropy	5
1826	Ray of Exhaustion	5
1827	Ray of Flame	5
1828	Ray of Frost	5
1829	Ray of Hope	5
1830	Ray of Ice	5
1831	Ray of Light	5
1832	Ray of Sickness	5
1833	Ray of Stupidity	5
1834	Ray of the Python	5
1835	Ray of Weakness	5
1836	Razorfangs	5
1837	Read Magic	5
1838	Reality Blind	4
1839	Reality Maelstrom	4
1840	Reanimation	5
1841	Reaving Aura	5
1842	Reaving Dispel	5
1843	Rebirth of Iron	5
1844	Rebuke	5
1845	Rebuke, Final	5
1846	Rebuke, Greater	5
1847	Rebuking Breath	5
1848	Reciprocal Gyre	5
1849	Recitation	5
1850	Red Fester	4
1851	Red Tide	5
1852	Reduce Animal	5
1853	Reduce Person	5
1854	Reduce Person, Greater	5
1855	Reduce Person, Mass	5
1856	Reflective Disguise	5
1857	Reflective Disguise, Mass	5
1858	Refreshment	5
1859	Refuge	5
1860	Refusal	5
1861	Regal Procession	5
1862	Regenerate	5
1863	Regroup	5
1864	Reincarnate	5
1865	Rejection	5
1866	Rejuvenating Light	5
1867	Rejuvenation Cocoon	5
1868	Rejuvenative Corpse	5
1869	Remove Addiction	5
1870	Remove Blindness/Deafness	5
1871	Remove Curse	5
1872	Remove Disease	5
1873	Remove Fatigue	5
1874	Remove Fear	5
1875	Remove Nausea	5
1876	Remove Paralysis	5
1877	Remove Scent	5
1878	Renewal Pact	5
1879	Renewed Vigor	5
1880	Repair Critical Damage	5
1881	Repair Light Damage	5
1882	Repair Minor Damage	5
1883	Repair Moderate Damage	5
1884	Repair Serious Damage	5
1885	Repel Metal or Stone	5
1886	Repel Vermin	5
1887	Repel Wood	5
1888	Repelling Shield	5
1889	Replicate Casting	4
1890	Repulsion	5
1891	Resinous Tar	5
1892	Resist Energy	5
1893	Resist Energy, Mass	5
1894	Resist Planar Alignment	5
1895	Resist Taint	5
1896	Resistance	5
1897	Resistance Item	5
1898	Resistance, Greater	5
1899	Resistance, Superior	5
1900	Resonating Agony	5
1901	Resonating Bolt	5
1902	Resonating Resistance	4
1903	Resounding Thunder	5
1904	Resounding Voice	5
1905	Restful Slumber	5
1906	Restoration	5
1907	Restoration, Greater	5
1908	Restoration, Lesser	5
1909	Restoration, Mass	5
1910	Restore Soul's Treasure	5
1911	Resurgence	5
1912	Resurgence, Mass	5
1913	Resurrection	5
1914	Retributive Enervation	5
1915	Retributive Image	5
1916	Return to Nature	5
1917	Returning Weapon	5
1918	Reveille	4
1919	Revenance	5
1920	Reverse Arrows	4
1921	Reverse Gravity	5
1922	Revive Outsider	5
1923	Revive Undead	5
1924	Revivify	5
1925	Rhino's Rush	4
1926	Righteous Aura	5
1927	Righteous Burst	5
1928	Righteous Fury	5
1929	Righteous Glare	5
1930	Righteous Might	5
1931	Righteous Smite	5
1932	Righteous Wrath of the Faithful	5
1933	Rigor Mortis	5
1934	Ring of Blades	5
1935	Roar of the Waves	5
1936	Rooftop Strider	5
1937	Rope Trick	5
1938	Rosemantle	5
1939	Rotting Curse of Urfestra	4
1940	Rouse	5
1941	Ruby Ray of Reversal	5
1942	Ruin Delver's Fortune	5
1943	Rushing Waters	5
1944	Rust Ray	5
1945	Rusted Blade	5
1946	Rusting Grasp	5
1947	Sacred Guardian	5
1948	Sacred Haven	5
1949	Sacred Item	5
1950	Sacrificial Skill	4
1951	Sadism	4
1952	Safe Clearing	4
1953	Safety	5
1954	Saltray	5
1955	Sanctify the Wicked	5
1956	Sanctuary	5
1957	Sanctuary, Mass	5
1958	Sandblast	5
1959	Sandform	5
1960	Sandstorm	5
1961	Sap Strength	4
1962	Sarcophagus of Stone	5
1963	Scalding Mud	5
1964	Scale Weakening	5
1965	Scales of the Lizard	5
1966	Scales of the Sealord	5
1967	Scare	5
1968	Scattering Trap	5
1969	Scatterspray	4
1970	Scent	5
1971	Scholar's Touch	5
1972	Scimitar of Sand	5
1973	Scintillating Pattern	5
1974	Scintillating Scales	5
1975	Scintillating Sphere	4
1976	Scorch	4
1977	Scorching Ray	5
1978	Scourge	5
1979	Scramble Portal	5
1980	Screen	5
1981	Scrying	5
1982	Scrying, Greater	5
1983	Sculpt Sound	5
1984	Seal Portal	4
1985	Searing Exposure	5
1986	Searing Light	5
1987	Second Wind	5
1988	Secret Page	5
1989	Secret Signs	5
1990	Secret Weapon	5
1991	Secure Corpse	5
1992	See Invisibility	5
1993	Seed of Life	5
1994	Seed of Undeath	5
1995	Seed of Undeath, Greater	5
1996	Seek Eternal Rest	4
1997	Seeking Ray	5
1998	Seeming	5
1999	Seething Eyebane	4
2000	Sending	5
2001	Sense Heretic	5
2002	Sense of the Dragon	5
2003	Sensory Deprivation	5
2004	Sepia Snake Sigil	5
2005	Sequester	5
2006	Serene Visage	5
2007	Serpents of Theggeron	4
2008	Servant Horde	5
2009	Shades	5
2010	Shadow Binding	5
2011	Shadow Cache	5
2012	Shadow Canopy	4
2013	Shadow Conjuration	5
2014	Shadow Conjuration, Greater	5
2015	Shadow Evocation	5
2016	Shadow Evocation, Greater	5
2017	Shadow Form	5
2018	Shadow Guardians	5
2019	Shadow Hand	4
2020	Shadow Landscape	5
2021	Shadow Mask	4
2022	Shadow Phase	5
2023	Shadow Radiance	5
2024	Shadow Spray	4
2025	Shadow Walk	5
2026	Shadow Well	4
2027	Shadowblast	5
2028	Shadowfade	5
2029	Shadowy Grappler	5
2030	Shambler	5
2031	Shape Metal	4
2032	Shape of the Hellspawned Stalker	5
2033	Shapechange	5
2034	Shard Storm	5
2035	Share Husk	4
2036	Share Talents	5
2037	Sharptooth	5
2038	Shatter	5
2039	Shatterfloor	4
2040	Sheltered Vitality	5
2041	Shield	5
2042	Shield of Faith	5
2043	Shield of Faith, Mass	5
2044	Shield of Lathander	5
2045	Shield of Lathander, Greater	5
2046	Shield of Law	5
2047	Shield of the Archons	5
2048	Shield of Warding	5
2049	Shield Other	5
2050	Shieldbearer	5
2051	Shifting Paths	5
2052	Shillelagh	5
2053	Shivering Touch	5
2054	Shivering Touch, Lesser	5
2055	Shock and Awe	5
2056	Shocking Grasp	5
2057	Shout	5
2058	Shout, Greater	5
2059	Shrieking Blast	5
2060	Shrink Item	5
2061	Shriveling	4
2062	Shroud of Flame	5
2063	Shroud of Undeath	4
2064	Sicken Evil	5
2065	Sign	5
2066	Sign of Sealing	5
2067	Sign of Sealing, Greater	5
2068	Silence	5
2069	Silent Image	5
2070	Silent Portal	4
2071	Silverbeard	4
2072	Silvered Claws	5
2073	Silvered Weapon	5
2074	Simulacrum	5
2075	Sink	5
2076	Sirens's Call	5
2077	Sirine's Grace	5
2078	Skeletal Guard	4
2079	Skill Enhancement	5
2080	Skin of the Cactus	5
2081	Skull Eyes	5
2082	Skull of Secrets	5
2083	Skull Watch	5
2084	Skyline Runner	5
2085	Slapping Hand	5
2086	Slash Tongue	4
2087	Slashing Darkness	5
2088	Slashing Dispel	5
2089	Slay Living	5
2090	Sleep	5
2091	Sleep Mote	5
2092	Sleet Storm	5
2093	Slide	5
2094	Slide, Greater	5
2095	Slime Wave	5
2096	Slipsand	5
2097	Slow	5
2098	Slow Burn	5
2099	Slow Consumption	4
2101	Smell of Fear	4
2103	Smite Heretic	5
2104	Smoke Ladder	5
2105	Smokey Confinement	5
2106	Snake Darts	5
2107	Snakebite	4
2108	Snake's Swiftness	5
2109	Snake's Swiftness, Mass	5
2110	Snare	5
2111	Snare Astral Traveler	4
2112	Sniper's Eye	5
2113	Sniper's Shot	5
2114	Snow Walk	5
2115	Snow Wave	5
2116	Snowball Storm	4
2117	Snowdrift	5
2118	Snowshoes	5
2119	Snowshoes, Mass	5
2120	Snowsight	5
2121	Snowsong	5
2122	Soften Earth and Stone	5
2123	Solid Fog	5
2124	Solipism	5
2125	Song of Discord	5
2126	Song of Festering Death	4
2127	Songbird	4
2128	Sonic Blast	4
2129	Sonic Rumble	4
2130	Sonic Shield	5
2131	Sonic Snap	4
2132	Sonic Weapon	5
2133	Sonic Whip	5
2134	Sonorous Hum	5
2135	Sorrow	4
2136	Soul Bind	5
2137	Soul of the Waste	5
2138	Soul Shackles	4
2139	Soul Ward	5
2140	Soul's Treasure Lost	4
2141	Sound Burst	5
2142	Sound Lance	5
2143	Spark of Life	5
2144	Spawn Screen	5
2145	Speak to Allies	5
2146	Speak with Animals	5
2147	Speak with Dead	5
2148	Speak with Plants	5
2149	Spear of Valarian	5
2150	Spectral Hand	5
2151	Spectral Stag	5
2152	Spectral Touch	5
2153	Spectral Weapon	5
2154	Speechlink	5
2155	Speed Swim	4
2156	Spell Engine	4
2157	Spell Enhancer	5
2158	Spell Flower	5
2159	Spell Immunity	5
2160	Spell Immunity, Greater	5
2161	Spell Immunity, Lesser	5
2162	Spell Matrix	5
2163	Spell Matrix, Greater	5
2164	Spell Matrix, Lesser	5
2165	Spell Phylactery	5
2166	Spell Resistance	5
2167	Spell Resistance, Mass	4
2168	Spell Shield	5
2169	Spell Storing Item	5
2170	Spell Turning	5
2171	Spell Vulnerability	5
2172	Spellcaster's Bane	5
2173	Spellmantle	5
2174	Spellstaff	5
2175	Sphere of Ultimate Destruction	5
2176	Spider Climb	5
2177	Spider Curse	4
2178	Spider Hand	4
2179	Spider Legs	4
2180	Spider Plague	5
2181	Spider Poison	4
2182	Spider Shapes	4
2183	Spiderform	4
2184	Spiderskin	5
2185	Spike Growth	5
2186	Spike Stones	5
2187	Spikes	5
2188	Spirit Binding	5
2189	Spirit Binding, Greater	5
2190	Spirit Binding, Lesser	5
2191	Spirit Needle	5
2192	Spirit Self	5
2193	Spirit Steed	5
2194	Spirit Worm	4
2195	Spiritjaws	5
2196	Spiritual Advisor	5
2197	Spiritual Cavalry	5
2198	Spiritual Charger	5
2199	Spiritual Chariot	5
2200	Spiritual Guardian	5
2201	Spiritual Weapon	5
2202	Spiritwall	5
2203	Splinterbolt	5
2204	Spontaneous Search	5
2205	Spore Cloak	4
2206	Spores of the Vrock	4
2207	Spread of Contentment	5
2208	Spread of Savagery	4
2209	Stabilize	5
2210	Stalking Brand	4
2211	Stalwart Pact	5
2212	Stand	5
2213	Standing Wave	5
2214	Starmantle	5
2215	Stars of Arvandor	5
2216	Starvation	5
2217	Statue	5
2218	Status	5
2219	Status, Greater	5
2220	Stay the Hand	5
2221	Steal Life	4
2222	Steal Size	5
2223	Steal Summoning	5
2224	Steam Breath	5
2225	Steed of the Seas	5
2226	Steeldance	4
2227	Stick	5
2228	Sticky Fingers	5
2229	Sticky Floor	5
2230	Sticky Saddle	5
2231	Stifle Spell	5
2232	Sting Ray	5
2233	Stinking Cloud	5
2234	Stolen Breath	5
2235	Stone Body	5
2236	Stone Bones	4
2237	Stone Construct	5
2238	Stone Fist	5
2239	Stone Shape	5
2240	Stone Shape, Greater	5
2241	Stone Shatter	4
2242	Stone Sphere	4
2243	Stone Spiders	4
2244	Stone Tell	5
2245	Stone to Flesh	5
2246	Stone Walk	5
2247	Stonehold	4
2248	Stoneskin	5
2249	Stony Grasp	5
2250	Stop Heart	4
2251	Storm Mote	5
2252	Storm of Elemental Fury	5
2253	Storm of Fire and Ice	5
2254	Storm of Needles	5
2255	Storm of Shards	5
2256	Storm of Vengeance	5
2257	Storm Tower	5
2258	Stormrage	5
2259	Stormrunner's Ward	5
2260	Stormwalk	5
2261	Strategic Charge	4
2262	Strength of Stone	4
2263	Strength of the Beast	5
2264	Stretch Weapon	5
2265	Stun Ray	5
2266	Stunning Breath	5
2267	Stunning Breath, Greater	5
2268	Stunning Screech	4
2269	Stupor	4
2270	Subdue Aura	5
2271	Sublime Revelry	5
2272	Submerge Ship	5
2273	Substitue Domain	5
2274	Subvert Planar Essence	5
2275	Sudden Stalagmite	5
2276	Suggestion	5
2277	Suggestion, Mass	5
2278	Summon Aspect of Bahamut	5
2279	Summon Babau Demon	5
2280	Summon Bearded Devil	5
2281	Summon Bralani Eladrin	5
2282	Summon Component	5
2283	Summon Desert Ally I	5
2284	Summon Desert Ally II	5
2285	Summon Desert Ally III	5
2286	Summon Desert Ally IV	5
2287	Summon Desert Ally IX	5
2288	Summon Desert Ally V	5
2289	Summon Desert Ally VI	5
2290	Summon Desert Ally VII	5
2291	Summon Desert Ally VIII	5
2292	Summon Devoted Roc	5
2293	Summon Dire Hawk	5
2294	Summon Elemental Monolith	5
2295	Summon Elementite Swarm	5
2296	Summon Elysian Thrush	5
2297	Summon Giants	5
2298	Summon Golem	5
2299	Summon Greater Elemental	5
2300	Summon Holy Symbol	5
2301	Summon Hound Archon	5
2302	Summon Instrument	5
2303	Summon Monster I	5
2304	Summon Monster II	5
2305	Summon Monster III	5
2306	Summon Monster IV	5
2307	Summon Monster IX	5
2308	Summon Monster V	5
2309	Summon Monster VI	5
2310	Summon Monster VII	5
2311	Summon Monster VIII	5
2312	Summon Nature's Ally I	5
2313	Summon Nature's Ally II	5
2314	Summon Nature's Ally III	5
2315	Summon Nature's Ally IV	5
2316	Summon Nature's Ally IX	5
2317	Summon Nature's Ally V	5
2318	Summon Nature's Ally VI	5
2319	Summon Nature's Ally VII	5
2320	Summon Nature's Ally VIII	5
2321	Summon Pest Swarm	5
2322	Summon Swarm	5
2323	Summon Undead I	5
2324	Summon Undead II	5
2325	Summon Undead III	5
2326	Summon Undead IV	5
2327	Summon Undead V	5
2328	Summon Weapon	5
2329	Summoning Wind	5
2330	Sunbeam	5
2331	Sunburst	5
2332	Sunmantle	5
2333	Sunrise	5
2334	Sunstroke	5
2335	Suppress Breath Weapon	5
2336	Suppress Flame	5
2337	Suppress Glyph	4
2338	Suppress Requirement	5
2339	Sure Strike	5
2340	Surefoot	4
2341	Surefooted Stride	4
2342	Surefooted Stride, Mass	4
2343	Surelife	5
2344	Surge of Fortune	5
2345	Suspend Disease	4
2346	Suspended Silence	4
2347	Sustain	5
2348	Swamp Lung	5
2349	Swamp Stride	5
2350	Swim	5
2351	Swim, Mass	5
2352	Sword and Hammer	5
2353	Sword and Hammer, Greater	5
2354	Sword of Conscience	5
2355	Sword of Darkness	5
2356	Sword of Deception	5
2357	Symbol of Death	5
2358	Symbol of Fear	5
2359	Symbol of Insanity	5
2360	Symbol of Pain	5
2361	Symbol of Persuasion	5
2362	Symbol of Sleep	5
2363	Symbol of Spell Loss	5
2364	Symbol of Stunning	5
2365	Symbol of Thirst	5
2366	Symbol of Weakness	5
2367	Sympathetic Vibration	5
2368	Sympathy	5
2369	Symphonic Nightmare	5
2370	Synostodweomer	4
2371	Tactical Precision	5
2372	Tactical Teleportation	5
2373	Tail Slap	5
2374	Tail Sweep	5
2375	Targeting Ray	5
2376	Tasha's Hideous Laughter	5
2377	Telekinesis	5
2378	Telepathic Aura	5
2379	Telepathic Bond, Lesser	5
2380	Telepathy Block	5
2381	Telepathy Tap	5
2382	Teleport	5
2383	Teleport Object	5
2384	Teleport, Greater	5
2385	Teleportation Circle	5
2386	Temporal Stasis	5
2387	Tenacious Dispelling	5
2389	Tenser's Floating Disk	5
2390	Tenser's Transformation	5
2391	Tern's Persistance	5
2392	Terra Cotta Lion	5
2393	Terra Cotta Warrior	5
2394	Thalassemia	5
2395	Thaw	5
2396	Thin Air	5
2397	Thorn Spray	5
2398	Thornskin	5
2399	Thousand Needles	4
2400	Thunder Field	5
2401	Thunderhead	5
2402	Thunderlance	5
2403	Thunderous Roar	5
2404	Tidal Surge	5
2405	Tiger's Tooth	5
2406	Time Stop	5
2407	Tojanida Sight	5
2408	Tomb of Light	5
2409	Tongue of Baalebul	4
2410	Tongue Serpents	4
2411	Tongue Tendrils	4
2412	Tongues	5
2413	Tormenting Thirst	5
2414	Torrent of Tears	5
2415	Tortoise Shell	5
2416	Total Repair	5
2417	Touch of Adamantine	5
2418	Touch of Fatigue	5
2419	Touch of Idiocy	5
2420	Touch of Juiblex	4
2421	Touch of Madness	5
2422	Touch of Restoration	5
2423	Touch of the Graveborn	5
2424	Touch of Vecna	5
2425	Touch of Years	5
2426	Touchstone Lightning	5
2427	Toughen Construct	5
2428	Towering Oak	5
2429	Towering Thunderhead	5
2430	Toxic Tongue	5
2431	Toxic Weapon	5
2432	Train Animal	5
2433	Transcribe Symbol	5
2434	Transend Mortality	5
2435	Transfix	5
2436	Transformation of the Deeps	5
2437	Translocation Trick	4
2438	Transmute Metal to Wood	5
2439	Transmute Mud to Rock	5
2440	Transmute Rock to Lava	5
2441	Transmute Rock to Mud	5
2442	Transmute Sand to Glass	5
2443	Transmute Sand to Stone	5
2444	Transmute Stone to Sand	5
2445	Transport via Plants	5
2446	Trap the Soul	5
2447	Traveler's Mount	5
2448	Treasure Scent	5
2449	Tree Healing	5
2450	Tree Shape	5
2451	Tree Stride	5
2452	Tremor	5
2453	Tremorsense	5
2454	Triadspell	5
2455	Trip Vine	5
2456	Triple Mask	5
2457	Trollshape	5
2458	True Casting	5
2459	True Creation	5
2460	True Domination	5
2461	True Resurrection	5
2462	True Seeing	5
2463	True Strike	5
2464	Tsunami	5
2465	Tunnel Swallow	5
2466	Turbidity	5
2467	Turn Anathema	5
2468	Twilight Luck	5
2469	Unbinding	5
2470	Undead Bane Weapon	5
2471	Undead Lieutenant	4
2472	Undead Torch	4
2473	Undeath After Death	5
2474	Undeath to Death	5
2475	Undeath's Eternal Foe	5
2476	Undermaster	5
2477	Undersong	5
2478	Understand Device	5
2479	Undetectable Alignment	5
2480	Undulant Innards	5
2481	Unearthly Beauty	5
2482	Unearthly Heat	5
2483	Unfettered Grasp	5
2484	Unhallow	5
2485	Unheavened	4
2486	Unholy Aura	5
2487	Unholy Blight	5
2488	Unholy Storm	5
2489	Unicorn Blood	5
2490	Unicorn Heart	5
2491	Unicorn Horn	5
2492	Unliving Weapon	4
2493	Unluck	5
2494	Unnerving Gaze	4
2495	Unseen Servant	5
2496	Unseen Servant, Mass	5
2497	Unseen Strike	5
2498	Unyielding Form of Inevitable Death	5
2499	Unyielding Roots	5
2500	Updraft	4
2501	Urban Shield	5
2502	Urchin's Spines	5
2503	Utterdark	4
2504	Utterdark Blast	5
2505	Valiant Fury	5
2506	Valiant Steed	5
2507	Vampiric Touch	5
2508	Vanishing Weapon	5
2509	Vecna's Malevolent Whisper	5
2510	Veil	5
2511	Veil of Shadow	5
2512	Veil of Undeath	5
2513	Vengeance Halo	5
2514	Ventriloquism	5
2515	Verraketh's Shadow Crown	4
2516	Vertigo	5
2517	Vertigo Field	5
2518	Vigilant Slumber	5
2519	Vigor	5
2520	Vigor, Greater	5
2521	Vigor, Lesser	5
2522	Vigor, Mass Lesser	5
2523	Vigorous Circle	5
2524	Vile Death	5
2525	Vile Lance	4
2526	Vine Mine	4
2527	Vine Strike	5
2528	Vipergout	5
2529	Virtue	5
2530	Visage of the Deity	5
2531	Visage of the Deity, Greater	5
2532	Visage of the Deity, Lesser	5
2533	Viscid Glob	5
2534	Vision	5
2535	Vision of Glory	4
2536	Vision of Heaven	5
2537	Visions of the Future	5
2538	Vital Strike	5
2539	Vitrify	5
2540	Vitriolic Sphere	5
2541	Voice of the Dragon	5
2542	Vortex of Teeth	5
2543	Vulnerability	5
2544	Wages of Sin	5
2545	Wail of Doom	5
2546	Wail of the Banshee	5
2547	Wake Trailing	5
2548	Walk the Mountain's Path	5
2549	Wall of Bones	5
2550	Wall of Chains	4
2551	Wall of Chaos	4
2552	Wall of Coldfire	5
2553	Wall of Deadly Chains	4
2554	Wall of Dispel Magic	5
2555	Wall of Evil	4
2556	Wall of Eyes	4
2557	Wall of Fire	5
2558	Wall of Force	5
2559	Wall of Gears	5
2560	Wall of Gloom	5
2561	Wall of Good	4
2562	Wall of Greater Dispel Magic	5
2563	Wall of Ice	5
2564	Wall of Iron	5
2565	Wall of Law	4
2566	Wall of Light	5
2567	Wall of Limbs	4
2568	Wall of Magma	5
2569	Wall of Moonlight	5
2570	Wall of Ooze	4
2571	Wall of Salt	5
2572	Wall of Sand	5
2573	Wall of Scales	5
2574	Wall of Smoke	5
2575	Wall of Stone	5
2576	Wall of Thorns	5
2577	Wall of Water	5
2578	War Cry	5
2579	Warcry	5
2580	Warding Gems	5
2581	War-Mount	5
2582	Warning	5
2583	Warning Shout	4
2584	Warp Destiny	5
2585	Warp Wood	5
2586	Waste Strider	5
2587	Water Breathing	5
2588	Water to Acid	5
2589	Water to Poison	5
2590	Water Walk	5
2591	Waterspout	5
2592	Wave Blessing	5
2593	Wave of Grief	4
2594	Wave of Pain	4
2595	Waves of Cold	5
2596	Waves of Exhaustion	5
2597	Waves of Fatigue	5
2598	Weapon Augmentation	5
2599	Weapon Augmentation, Greater	5
2600	Weapon Augmentation, Lesser	5
2601	Weapon Augmentation, Personal	5
2602	Weapon of Energy	5
2603	Weapon of Impact	4
2604	Weapon of the Deity	5
2605	Weapon Shift	5
2606	Weather Eye	5
2607	Web	5
2608	Webfoot	5
2609	Weighed in the Balance	5
2610	Weight of Sin	5
2611	Weird	5
2612	Were-Doom	4
2613	Whelm	5
2614	Whelm, Mass	5
2615	Whelming Blast	5
2616	Whirling Blade	5
2617	Whirlwind	5
2618	Whirlwind of Teeth	4
2619	Whirlwind, Greater	5
2620	Whispering Sand	5
2621	Whispering Wind	5
2622	Whiteout	5
2623	Wieldskill	5
2624	Wild Runner	5
2625	Wind at Back	4
2626	Wind Tunnel	4
2627	Wind Walk	5
2628	Wind Wall	5
2629	Winding Alleys	5
2630	Wingbind	5
2631	Winged Mount	5
2632	Wings of Air	5
2633	Wings of Air, Greater	5
2634	Wings of Bounding	5
2635	Wings of Cover	5
2636	Wings of Flurry	5
2637	Wings of Swift Flying	5
2638	Wings of the Sea	5
2639	Winter Chill	5
2640	Winter's Embrace	5
2641	Wish	5
2642	Wither	5
2643	Wither Limb	4
2644	Withering Palm	5
2645	Wood Rot	5
2646	Wood Shape	5
2647	Wood Wose	5
2648	Wooden Blight	5
2649	Woodland Veil	5
2650	Word of Balance	5
2651	Word of Binding	5
2652	Word of Chaos	5
2654	Word of Recall	5
2655	Wounding Whispers	4
2656	Wrack	4
2657	Wrack Earth	5
2658	Wracking Touch	5
2659	Wraithstrike	5
2660	Wrathful Castigation	4
2661	Wretched Blight	4
2662	Xorn Movement	5
2663	Yoke of Mercy	5
2664	Zeal	5
2665	Zealot Pact	5
2666	Zone of Glacial Cold	5
2667	Zone of Natural Purity	5
2668	Zone of Peace	5
2669	Zone of Respite	5
2670	Zone of Revelation	5
2671	Zone of Silence	5
2672	Zone of Truth	5
2673	All-Seeing Eyes	5
2674	Aquatic Adaptation	5
2675	Aura of Flame	5
2676	Baleful Geas	5
2677	Baleful Utterance	5
2678	Baneful Blast	5
2679	Beguiling Influence	5
2680	Beguiling Influence (drm)	5
2681	Beshadowed Blast	5
2682	Bewitching Blast	5
2683	Binding Blast	5
2684	Breath of the Night	5
2685	Breath of The Night (drm)	5
2686	Brimstone Blast	5
2687	Call of The Beast	5
2688	Caster's Lament	5
2689	Caustic Mire (In)	5
2690	Celestial Flight	5
2691	Charm	5
2692	Charm	5
2693	Chilling Fog	5
2694	Chilling Tentacles	5
2695	Cocoon of Refuse	5
2696	Cold Comfort	5
2697	Crawling Eye	5
2698	Curse of Despair	5
2699	Dark Discorporation	5
2700	Dark Foresight	5
2701	Dark One's Own Luck	5
2702	Darkness (drm)	5
2703	Darkness (In)	5
2704	Dead Walk, The	5
2705	Deafening Roar	5
2706	Deteriorating Blast	5
2707	Devil's Sight	5
2708	Devil's Whispers	5
2709	Devour Magic	5
2710	Devour Magic (drm)	5
2711	Disembodied Hand	5
2712	Draconic Flight	5
2713	Draconic Flight, Greater	5
2714	Draconic Knowledge	5
2715	Draconic Toughness	5
2716	Dragonward	5
2717	Drain Incarnum	5
2718	Dread Seizure	5
2719	Earthen Grasp (In)	5
2720	Eldritch Chain	5
2721	Eldritch Cone	5
2722	Eldritch Doom	5
2723	Eldritch Glaive	5
2724	Eldritch Line	5
2725	Eldritch Spear	5
2726	Endure Exposure	5
2727	Energy Immunity	5
2728	Energy Resistance	5
2729	Enervating Shadow	5
2730	Enthralling Voice	5
2731	Entropic Warding	5
2732	Fell Flight	5
2733	Flee the Scene	5
2734	Frightful Blast	5
2735	Frightful Presence	5
2736	Greatreach Blast	5
2737	Hammer Blast	5
2738	Hellrime Blast	5
2739	Hellspawned Grace	5
2740	Hideous Blow	5
2741	Hindering Blast	5
2742	Holy Blast	5
2743	Humanoid Shape	5
2744	Hungry Darkness	5
2745	Ignore The Pyre	5
2746	Impenetrable Barrier	5
2747	Incarnum Blast	5
2748	Incarnum Shroud	5
2749	Instill Vulnerability	5
2750	Leaps and Bounds	5
2751	Magic Insight	5
2752	Mask of Flesh	5
2753	Miasmic Cloud	5
2754	Nightmares Made Real	5
2755	Noxious Blast	5
2756	Otherworldly Whispers	5
2757	Painful Slumber of Ages	5
2758	Path of Shadow	5
2759	Penetrating Blast	5
2760	Perilous Veil	5
2761	Relentless Dispelling	5
2762	Repelling Blast	5
2763	Retributive Invisibility	5
2764	Scalding Gust	5
2765	See the Unseen	5
2766	See The Unseen (drm)	5
2767	Serpent's Tongue	5
2768	Sickening Blast	5
2769	Soulreaving Aura	5
2770	Spellblast	5
2771	Spider-Shape	5
2772	Spiderwalk	5
2773	Spirit Blast	5
2774	Steal Incarnum	5
2775	Steal Summoning (In)	5
2776	Stony Grasp (In)	5
2777	Sudden Swarm	5
2778	Summon Swarm (In)	5
2779	Swimming The Styx	5
2780	Tenacious Plague	5
2781	Terrifying Roar	5
2782	Thieves' Bane	5
2783	Transform Magic	5
2784	Utterdark Blast (In)	5
2785	Vitriolic Blast	5
2787	Voidsense	5
2788	Voidsense (drm)	5
2789	Voracious Dispelling	5
2790	Voracious Dispelling (drm)	5
2791	Walk Unseen	5
2792	Walk Unseen (drm)	5
2793	Wall of Gloom (In)	5
2794	Wall of Perilous Flame	5
2795	Warlock's Call	5
2796	Weighty Utterance	5
2797	Wingstorm	5
2798	Witchwood Step	5
2799	Word of Changing	5
